2019-01-16 18:30:00+00:00,944.8291335,23.9280809999999,44.4990826666666,,,,0,71.9499388888888,59.900217,1445.19267,78.200942,77.6250582,35.003815,33.28032125,194,190.920932499999,12.9670577,2,G01,194,8.056614595
2019-01-16 18:40:00+00:00,779.554357499999,23.9705143999999,44.4235601,,,,0,70.7679445,59.3986466999999,1363.52057,76.5502497999999,75.9217324,35.003815,33.1953125,,159.257865999999,12.23148425,2,G01,,7.26879967999999
2019-01-16 18:50:00+00:00,695.001085,23.8700586999999,43.9104222,,,,0,69.6293624,58.7593968,1304.49532,74.7174594999999,74.027232,35.003815,33.15154,,142.2558088,11.70232745,2,G01,,7.19469984999999
2019-01-16 19:00:00+00:00,613.460151666666,23.6892893333333,38.5816171111111,,,,0,61.0099177777777,58.1500772222222,1253.79256666666,72.9890161111111,72.2472646666666,31.1103458888888,28.38759,194,125.459953333333,11.254226,2,G01,194,6.73951093888888
2019-01-16 19:10:00+00:00,532.530026666666,23.584258,38.139755,,,,0,59.8159154444444,57.3400244444444,1194.54711111111,71.0477255555555,70.2678967777777,30.4296178888888,29.3373056666666,203,109.043080777777,10.7116267222222,2,G01,203,6.32209989444444
2019-01-16 19:20:00+00:00,488.961019,23.6109573,42.5888569,,,,0,66.3786729999999,56.6527692,1165.73526,69.5253853,68.7375075999999,33.995493,32.9310413,,99.40943865,10.4473694,2,G01,,6.29062487
2019-01-16 19:30:00+00:00,479.646504,23.7359329,42.2684569,,,,0,65.3440814,56.0373778999999,1159.49895,68.0713768,67.2507196,33.9925427,32.8625,,97.7295315,10.39928345,2,G01,,6.29299481999999
2019-01-16 19:40:00+00:00,339.858634999999,23.6834126,41.9695377,,,,0,63.3626724,55.4872807,1060.71178,66.5935846,65.7731996999999,33.9347566,32.78751,,69.2091524,9.5178125,2,G01,,5.860059815
2019-01-16 19:50:00+00:00,213.545377499999,23.4693358,41.6121779,,,,0,61.9044553,54.9456243,1029.81462,64.436557,63.5576262,33.6170774,32.7685837,,43.43419445,9.2341616,2,G01,,5.173764755
2019-01-16 20:00:00+00:00,155.617038,23.3651338,41.3576359,,,,0,62.2328442,55.0254034,1030.01298,62.7233255,61.8223667,33.9892473,32.7899368,206,31.42725145,9.237937,2,G01,206,4.71557979
2019-01-16 20:10:00+00:00,90.8192177,23.182409,41.1678759,,,,0,61.0400451,54.7020536,1029.88494,61.0340514,60.1178926,33.9865535999999,32.7,,18.785554725,9.23577084999999,2,G01,,3.8221698
2019-01-16 20:20:00+00:00,111.31503135,23.3682095,40.9985695999999,,,,0,60.8168797,54.4469651,1030.08452,59.6423957,58.7410578999999,33.9781499,32.55625,213.5,22.15541885,9.2374015,2,G01,213.5,4.159484815
2019-01-16 20:30:00+00:00,56.87310925,23.1090526,40.8514218,,,,0,59.902058,54.140725,1030.09224,58.3431004,57.449772,33.9294172,32.40625,,11.1459223,9.2402781,2,G01,,3.45176982
2019-01-16 20:40:00+00:00,74.4285577499999,23.1075399,40.6988967,,,,0,59.4894034,53.8438581999999,1030.04549,57.2046242,56.3162054,33.9754964,32.2375,222,14.6010835499999,9.24030419999999,2,G01,222,3.51405985
2019-01-16 20:50:00+00:00,56.2021513,23.040871,40.5660965,,,,0,59.0142525,53.4935466999999,1030.02336,56.2159398999999,55.3351339,33.964184,32.08125,,10.8948057,9.2307238,2,G01,,3.305729855
2019-01-16 21:00:00+00:00,54.2207616,23.1949184,40.4486346,,,,0,58.6726089999999,53.1713493,1030.08430999999,55.3851799,54.5083862,33.8337874,31.9375004,,10.71978948,9.2410026,2,G01,,3.55960983499999
2019-01-16 21:10:00+00:00,53.0497357499999,23.1836096,40.3656913,,,,0,58.2139397,52.7962583,1029.85869,54.6719235,53.7948415,33.8820908,31.80625,,10.01203104,9.2306002,2,G01,,3.71889985
2019-01-16 21:20:00+00:00,70.4208232,23.2436499,40.2732017,,,,0,58.0444846,52.5398706,1030.13319,54.0921015999999,53.2212739,33.9447411,31.6875,,13.953454875,9.2364711,2,G01,,3.799114855
2019-01-16 21:30:00+00:00,87.7744105,23.2188224444444,35.7137744444444,,,,0,51.6919768888888,52.4101252222222,1030.13485555555,53.7009572222222,52.8219287777777,29.9199314444444,28.069455,222,16.9878734444444,9.23838605555555,2,G01,222,3.88594433333333
2019-01-16 21:40:00+00:00,72.16000705,23.1937428,40.0793172,,,,0,58.0135234,52.2426381,1030.0594,53.3680141,52.4813738,33.6080799,31.48125,,14.2566050999999,9.24412275,2,G01,,3.82187485
2019-01-16 21:50:00+00:00,54.643133,23.1287754,39.9789919,,,,0,57.6525186,52.0605006,1030.04005999999,52.9969919,52.1159946,33.4063818,31.4012874,,11.4379838,9.23754145,2,G01,,3.636444795
2019-01-16 22:00:00+00:00,48.68550285,22.9971335,39.9026455,,,,0,57.2562617,51.8248913,1029.98705,52.6127734,51.7344617,33.4264585,31.318761,218,10.00861768,9.2431074,2,G01,218,3.603954805
2019-01-16 22:10:00+00:00,39.9101779,22.9527723,39.8115345,,,,0,56.9161679,51.6199946,1030.26877,52.2145449,51.3364183,33.4268147999999,31.2124825,213.5,8.00110217,9.2341873,2,G01,213.5,3.324349875
2019-01-16 22:20:00+00:00,30.0356567,22.7757813,39.7218684,,,,0,56.5878050999999,51.3996029,1030.006,51.7937347,50.9307981,33.2750606,31.0875,,5.52513636499999,9.2328744,2,G01,,3.50034482
2019-01-16 22:30:00+00:00,29.8643514,22.7972654999999,39.6137836,,,,0,56.1850447,51.0827932,1029.75973,51.3033976,50.465121,33.5532703999999,30.9622494,204.5,6.022833255,9.23614265,2,G01,204.5,3.54782982
2019-01-16 22:40:00+00:00,55.2296961999999,22.7451613,39.5017241,,,,0,56.0867878,50.9742147,1030.14518,50.7271594,49.9343179,33.2204807,30.8420796,,11.167597625,9.22996255,2,G01,,3.635379815
2019-01-16 22:50:00+00:00,60.1629589,22.6084448,39.4198848,,,,0,56.0904167,50.8718797,1030.36893999999,50.2428144,49.4768988,33.027192,30.7000038,200,11.818748745,9.236633,2,G01,200,3.65646987
2019-01-16 23:00:00+00:00,129.2107337,22.5642164,39.351252,,,,0,56.7741805,50.8738387999999,1030.21473,49.9960938999999,49.2341548,33.0140003,30.5374996,191,24.8985895,9.23724859999999,2,G01,191,4.1794998
2019-01-16 23:10:00+00:00,177.918964,22.4973296999999,39.3293101,,,,0,58.4831187,51.0727372999999,1030.23419,50.3034235,49.5173451,33.0182006,30.4007313,,35.53369045,9.2393104,2,G01,,4.41825475
2019-01-16 23:20:00+00:00,195.643041999999,22.4035349,39.2997405999999,,,,0,58.9913709,51.216751,1030.04536,50.553869,49.7565187999999,33.0090265,30.3375,,39.01135205,9.2421926,2,G01,,4.667074825
2019-01-16 23:30:00+00:00,236.5683635,22.141423,39.2735082,,,,0,59.5764029,51.4241828,1030.28061,51.0289278999999,50.2211591,33.0073692999999,30.2749935,,47.79975525,9.2379425,2,G01,,4.975584795
2019-01-16 23:40:00+00:00,242.012888499999,21.8116615,39.2265578999999,,,,0,59.9104095,51.6436628999999,1029.85654,51.4908688,50.6769211,33.0052224999999,30.25,,49.96727855,9.23388855,2,G01,,5.055044785
2019-01-16 23:50:00+00:00,267.585651,21.4980265,39.164429,,,,0,60.2402493,51.8012988999999,1030.12704999999,51.9231995,51.100855,33.0059141,30.25,,54.0330475499999,9.23787875,2,G01,,5.367659775
2019-01-17 00:00:00+00:00,310.726652777777,21.5867096666666,34.7588374444444,,,,0,53.9359317777777,52.0545334444444,1030.23915555555,52.5641267777777,51.7528277777777,29.3370894444444,26.8888888888888,188,62.7776872777777,9.23591066666666,2,G01,188,5.58014428333333
2019-01-17 00:10:00+00:00,307.6091495,21.5353673,39.0578901,,,,0,60.9008052999999,52.3049479999999,1030.04776,53.1420807999999,52.3355752,33.003815,30.2927292,,62.6973784499999,9.24284695,2,G01,,5.803069785
2019-01-17 00:20:00+00:00,322.287799499999,21.3949389,39.0270824,,,,0,61.138068,52.4900699999999,1032.0154,53.6384375,52.8274128,33.003815,30.312489,,66.2433142999999,9.2496278,2,G01,,5.762319835
2019-01-17 00:30:00+00:00,397.633719444444,21.3855281111111,34.6763663333333,,,,0,54.9177728888888,52.6860202222222,1089.92675555555,54.310346111111,53.5061973333333,29.3367244444444,26.9096336666666,188,79.8943100555555,9.77381122222222,2,G01,188,5.96868863888888
2019-01-17 00:40:00+00:00,429.2188425,21.3994165,39.0401153,,,,0,62.6295297,52.9891613999999,1113.81562,55.1931282,54.4257404,33.003815,30.25,,87.3081233499999,9.9860533,2,G01,,6.291774855
2019-01-17 00:50:00+00:00,373.8645455,21.0754745,39.0032881,,,,0,62.5546484,53.3076695,1072.57364999999,55.4841522,54.7216032,32.8884434,30.25,,76.3645852499999,9.62118329999999,2,G01,,5.91041983999999
2019-01-17 01:00:00+00:00,363.8404205,21.0127583,38.9635448999999,,,,0,62.6056707,53.5529428,1057.2679,55.6523881,54.8913688,32.0066699,30.2499891,,73.8664908,9.47451529999999,2,G01,,5.85507979
2019-01-17 01:10:00+00:00,316.129019444444,21.0569622222222,34.5718649999999,,,,0,55.3965272222222,53.5689136666666,1032.05093333333,55.5959243333333,54.8274026666666,28.4478355555555,26.8402864444444,188,63.7379943888888,9.2555361111111,2,G01,188,5.73755543333333
2019-01-17 01:20:00+00:00,291.311139999999,21.1321681,38.8126838999999,,,,0,62.1195717,53.6071212,1029.86835,55.3347383,54.5523907,32.0017291,30.152586,,58.9433526,9.23089825,2,G01,,5.476924875
2019-01-17 01:30:00+00:00,295.340721,21.1562935,38.7470083,,,,0,62.0523703,53.5922979,1029.96583999999,55.0120661,54.2456919,31.9901665,30.0868906,,63.0019411,9.2372654,2,G01,,5.323759835
2019-01-17 01:40:00+00:00,293.444327,21.0432524999999,38.6786731,,,,0,62.0512011,53.6435192,1030.05618,54.7924007,54.0398695,31.9796676,30.0376114,,59.7374673999999,9.2338349,2,G01,,5.25557477999999
2019-01-17 01:50:00+00:00,259.430375999999,21.0112775,38.6132846,,,,0,61.9042819,53.5826007999999,1030.00088999999,54.3865761,53.6382469,31.2853251,30,,52.22881435,9.2356575,2,G01,,5.57107984999999
2019-01-17 02:00:00+00:00,230.5366115,21.2959286,38.5411092,,,,0,61.6914718,53.460085,1030.11488,53.7666666,53.017086,31.3342942,29.9625,191,46.7411477999999,9.2388798,2,G01,191,4.844149795
2019-01-17 02:10:00+00:00,215.0508065,21.6450828,38.4604101,,,,0,61.5538208999999,53.4545742,1029.95804,53.1614032,52.4250354,31.9780544999999,29.993771,195.5,43.2249132,9.23241519999999,2,G01,195.5,5.14773478
2019-01-17 02:20:00+00:00,204.8639065,21.6242041999999,38.3860027,,,,0,61.4227604999999,53.41023,1029.97458,52.602337,51.8760344999999,31.9803433,30,,40.8214251,9.2261438,2,G01,,4.918314745
2019-01-17 02:30:00+00:00,160.55586925,21.8850746,38.2971760999999,,,,0,61.0876035,53.3432858,1029.88998,52.0084751,51.2938779,31.9735895,30.0875,186.5,33.43850245,9.23671905,2,G01,186.5,4.38694983
2019-01-17 02:40:00+00:00,98.6784419999999,21.8434396,38.2049209,,,,0,59.8510127,53.1511278999999,1030.12503,51.1347365,50.4230377,31.9766005,30.2000414,,19.62011555,9.23032915,2,G01,,3.826019885
2019-01-17 02:50:00+00:00,35.237196315,22.0586333,38.1938505,,,,0,58.6519577,52.6865428,1030.05547,50.2155976,49.5271493,31.9908303,30.3188114,,7.272379842,9.23720215,2,G01,,3.22638486
2019-01-17 03:00:00+00:00,92.0179597823529,22.306149,29.6739047777777,,,,0,45.3079125555555,52.331296,1030.1252875,49.515203,48.83974175,24.8828198888888,23.6736111111111,185,17.8765397235294,9.236088125,2,G01,185,3.75638215882352
2019-01-17 03:10:00+00:00,46.30734154,22.642546,38.1287671111111,,,,0,57.9908461111111,52.2247573,1029.33066,49.1001881999999,48.4265729,31.9968097777777,30.613196,185,9.63578940052631,9.2316474,2,G01,185,3.31084197368421
2019-01-17 03:20:00+00:00,32.25083464,22.8998828,38.095073,,,,0,57.3479392,51.8759319,1029.261376,48.6105295999999,47.940596,31.9945056,30.839134,195.5,7.43182249449999,9.235222,2,G01,195.5,3.349924855
2019-01-17 03:30:00+00:00,61.18149495,23.1811268,38.0648725,,,,0,57.0014786,51.5995229,1030.44478,48.255848,47.5930717,31.9975821,31.075,,12.4354805299999,9.2381553,2,G01,,3.51719483
2019-01-17 03:40:00+00:00,51.6103995555555,23.4614666666666,33.820513,,,,0,50.6721186666666,51.5318932222222,1029.96005555555,48.0440027777777,47.3786607777777,28.4427493333333,27.8191826666666,200,11.4037731388888,9.23641044444444,2,G01,200,3.55122754444444
2019-01-17 03:50:00+00:00,100.4960713,23.7130754999999,38.0308974,,,,0,57.2811714,51.5361887,1030.06766,47.9299088,47.2681602,31.998093,31.5937122,,20.02321734,9.2368099,2,G01,,3.9924498
2019-01-17 04:00:00+00:00,91.335052885,23.995269,38.0472216,,,,0,57.7890138,51.5619042,1030.036,48.0686992,47.4075521,31.9983932,31.91875,,18.986358055,9.23070335,2,G01,,3.71344482999999
2019-01-17 04:10:00+00:00,117.53115945,24.2250566,38.0525989,,,,0,57.6213780999999,51.4996037,1029.82026,48.080378,47.4046803,32.0039397,32.28125,191,22.699346575,9.23790405,2,G01,191,3.96764483499999
2019-01-17 04:20:00+00:00,159.83998415,24.5400361,38.0549849,,,,0,58.7461048,51.7254395,1029.759,48.4877416,47.8053187,32.0134212999999,32.6063969999999,191,32.524909525,9.2373784,2,G01,191,4.239154855
2019-01-17 04:30:00+00:00,152.717291944444,24.7136183333333,33.8338725555555,,,,0,52.6688062222222,52.0079418888889,1029.86907777777,48.9935717777777,48.2853978888889,28.5627115555555,29.284176,200,30.8682538888888,9.23929033333333,2,G01,200,4.03196094444444
2019-01-17 04:40:00+00:00,199.03741355,24.8760427,38.0983036,,,,0,59.7593838,52.330061,1037.91031,49.6122503999999,48.8982316,32.977507,33.3560425,204,39.77762325,9.29898175,2,G01,204,4.43829493
2019-01-17 04:50:00+00:00,161.47209669,25.1870622,38.1215409,,,,0,59.6496165,52.5384996999999,1029.85100999999,49.9254477999999,49.1986917,32.9868752,33.71875,202,33.628420065,9.2374058,2,G01,202,4.234089785
2019-01-17 05:00:00+00:00,207.5012425,25.342461,38.1499131,,,,0,60.3503746999999,52.8341209999999,1030.24415,50.4889907,49.7633266,32.9921985999999,34.0312504,,42.6575276,9.23446905,2,G01,,4.543659785
2019-01-17 05:10:00+00:00,215.28847985,25.686852,38.1818419999999,,,,0,60.6986522,53.0422795999999,1037.69026999999,51.0060232,50.2765537999999,32.9961849999999,34.3625,,44.29625453,9.31017345,2,G01,,4.36449479999999
2019-01-17 05:20:00+00:00,218.00438495,25.7991796,38.2311196,,,,0,61.0443192,53.2716933,1030.92125,51.5328463,50.820611,32.9961849999999,34.6688946,188,44.6063152999999,9.2500714,2,G01,188,4.652689795
2019-01-17 05:30:00+00:00,230.524761,26.0676487,38.2650857,,,,0,61.3233404999999,53.5777285999999,1029.4404,52.0638887,51.3356477,32.9961849999999,35.0374996,194,46.5499105,9.23544205,2,G01,194,4.76167983
2019-01-17 05:40:00+00:00,277.2466722,26.2718808,38.3354852,,,,0,62.0635432999999,53.9547617,1051.15393,53.1477059999999,52.4120659999999,32.9961849999999,35.331494,195.25,56.06112465,9.4122741,2,G01,195.25,4.875949775
2019-01-17 05:50:00+00:00,211.6392082,26.5216988,38.3898541,,,,0,61.8111877999999,54.2012663999999,1039.32676,53.4530084,52.7094306,32.9961849999999,35.675,185,44.33451295,9.3223289,2,G01,185,4.516604735
2019-01-17 06:00:00+00:00,127.888516348,26.9072797,38.4455617999999,,,,0,61.0500028999999,54.2719637,1027.6514,53.5004005,52.7446993999999,32.9961849999999,35.9811057999999,,25.804181555,9.215907,2,G01,,3.894474865
2019-01-17 06:10:00+00:00,193.3410162,26.981223625,33.7127085,,,,0,53.988873125,54.446937,1074.61945,54.025465375,53.2940073749999,28.871661875,31.69863225,186,38.8075552823529,9.62790074999999,2,G01,186,4.48034105294117
2019-01-17 06:20:00+00:00,234.801692635,27.3960608,38.5791069999999,,,,0,61.5519415,54.537626,1054.861303,54.1158944999999,53.3801911,32.9961849999999,36.4441409999999,189,47.9565016399999,9.4695593,2,G01,189,4.690509755
2019-01-17 06:30:00+00:00,160.800518823529,27.7051855555555,34.3343058888888,,,,0,54.5493253333333,54.7592113333333,1030.83583333333,54.2759414444444,53.5451567777777,29.3299422222222,32.5626811111111,186.666666666666,30.1169341764705,9.24984272222222,2,G01,186.666666666666,3.72488804117647
2019-01-17 06:40:00+00:00,101.910642695,27.9760657,38.6692280999999,,,,0,61.1975978,54.7042039,799.842124999999,54.2696503,53.5398246,32.9973872,36.8713562,194,18.508463755,7.17662711,2,G01,194,4.16185481
2019-01-17 06:50:00+00:00,93.6451649299999,28.1318467,38.5669926,,,,0,60.4806466999999,54.6869073,669.8672872,53.8157461,53.1753108999999,32.9996899999999,37.4251602,173.333333333333,14.64392196,6.62070066666666,2,G01,173.333333333333,3.699024835
2019-01-17 07:00:00+00:00,186.6712988,28.3715047,38.3800151,,,,0,60.0348368,54.2806898,871.333518999999,53.3409293,52.7805236,32.99993,38.0627148,169,32.21925025,7.79952765,3,G01,169,4.67287479
2019-01-17 07:10:00+00:00,203.13816035,28.4462984999999,38.6221739,,,,0,61.5358689,54.9610251,1030.76893,53.7190618,53.0928539,33.0273687,37.7496586,180,41.0058812999999,9.2470541,2,G01,180,4.58960986499999
2019-01-17 07:20:00+00:00,189.38886425,28.5494374,38.7383941,,,,0,62.0358703,55.1789466,1035.76348,54.3618045,53.6560306,33.8611512,37.71875,194,36.915205785,9.2812758,2,G01,194,4.404789815
2019-01-17 07:30:00+00:00,195.96039425,28.7054142999999,38.8573609,,,,0,62.3499644,55.4020397999999,1038.30281,54.9568573999999,54.2175321,33.9864721,37.8678097,190,42.001341845,9.3085445,2,G01,190,4.39647481
2019-01-17 07:40:00+00:00,240.495000618499,28.8407941,38.9533106,,,,0,62.9421206,55.7934635,1039.55387,55.6631370999999,54.9118268,33.9957123999999,38.2,148,47.92860005,9.3193908,2,G01,148,4.92765481999999
2019-01-17 07:50:00+00:00,158.654827359999,29.0659603999999,38.9031267,,,,0,61.8525689,55.6759271,846.613427999999,55.4949633,54.7878367,33.7020034999999,38.843897,160,29.792692023,7.57817215999999,2,G01,160,4.241924785
2019-01-17 08:00:00+00:00,199.3988246,28.9588833999999,39.0393551,,,,0,62.9107613,56.1371521,1045.61843,56.0244858999999,55.2944944,33.9961849999999,38.9374996,174.166666666666,42.012527485,9.38201355,2,G01,174.166666666666,4.38221979
2019-01-17 08:10:00+00:00,240.941667625,29.1217909999999,39.024669,,,,0,62.4637483999999,55.6811259999999,860.602462099999,56.2174235,55.5234629999999,33.8882696,39.1437503999999,173.75,42.754536145,7.780503411,2,G01,173.75,5.1124498
2019-01-17 08:20:00+00:00,97.63406394,29.2911594999999,39.1182338999999,,,,0,62.6391931,56.2123505,806.640206299999,56.6246846,55.9490745,34.0008267,39.168928,161.166666666666,15.830656475,7.24927759999999,2,G01,161.166666666666,3.956744885
2019-01-17 08:30:00+00:00,193.370717605,29.4137939,39.1436691,,,,0,62.3162813,56.1096983999999,1061.199305,55.2719580999999,54.7013211,34.0154479,39.625,161.5,37.544438675,9.5240243,3,G01,161.5,4.45208486
2019-01-17 08:40:00+00:00,46.9009078599999,29.5689836,39.1458661,,,,0,61.4005802999999,55.724879,551.550447799999,55.3755244,54.7451147,34.299659,39.6302973999999,139.6,2.5686297,4.964108996,2,G01,139.6,3.963114865
2019-01-17 08:50:00+00:00,43.819837365,29.8850181111111,39.0071923333333,,,,0,59.7776258888888,55.4125831111111,1024.15930777777,53.6225582222222,53.1281546666666,34.4350141111111,40.743056,151,-2.82358225,9.1935554,4,G01,151,3.452034835
2019-01-17 09:00:00+00:00,120.510944294444,29.7935509,39.1458669,,,,0,61.2294315,55.6367897,745.590409,53.0200277,52.5856177999999,34.7366138,40.4456117,136,22.3569649166666,6.69436983999999,2,G01,136,3.68233877222222
2019-01-17 09:10:00+00:00,149.925756473684,29.7666821111111,34.7888973333333,,,,0,54.3121523333333,55.667719,1040.64901111111,52.7746415555555,52.2691712222222,31.10772,35.7638774444444,153.166666666666,26.3883905736842,9.32873666666666,2,G01,153.166666666666,3.97542085789473
2019-01-17 09:20:00+00:00,177.00464825,29.8698163,39.2910677999999,,,,0,61.9228866,55.8360734,1029.36022,53.80204,53.1438121999999,34.9961849999999,39.7125,174.375,35.501651625,9.23172845,2,G01,174.375,4.49832484
2019-01-17 09:30:00+00:00,-9.75219121,30.0256488,39.1159145,,,,0,60.0884504,55.1326631999999,517.572771299999,53.9723407,53.3117868,34.6835962,40.2562825,182.857142857142,-17.23739275,4.63172132,2,G01,182.857142857142,3.388394865
2019-01-17 09:40:00+00:00,248.0842069,29.8415021,39.2466259,,,,0,61.3300702999999,55.5499073,1046.05129,52.8046515999999,52.300239,34.9961849999999,40.584544,193,47.05610061,9.3902699,2,G01,193,4.572799825
2019-01-17 09:50:00+00:00,237.9160963,29.7115612999999,39.4353475,,,,0,63.0307062,56.131926,1043.12546,54.6089312,53.9634438,34.9961849999999,39.8495677999999,191,48.59365705,9.35010419999999,2,G01,191,4.80049479
2019-01-17 10:00:00+00:00,46.32744041875,29.969832375,35.0721275555555,,,,0,54.7148088888889,55.860059125,811.651608749999,55.115376875,54.37063975,31.10772,35.4166733333333,,3.68940740625,7.26304891249999,2,G01,,4.17317485
2019-01-17 10:10:00+00:00,258.94675627,29.8621914,39.5616141111111,,,,0,63.4366046666666,56.6278292,1049.40049,56.1928258999999,55.4729878,35.0120434444444,39.9979902222222,162.142857142857,51.8545371149999,9.41553105,2,G01,162.142857142857,4.85278481
2019-01-17 10:20:00+00:00,341.124333,29.8353637,39.7385255,,,,0,64.8296059999999,57.1006338999999,1099.41255,57.9461165,57.1839106,35.6658061,40.0445496,154,68.75935045,9.86154465,2,G01,154,5.18050982999999
2019-01-17 10:30:00+00:00,225.482810365,29.8044425,39.8381031,,,,0,64.4717859,57.3830661,1067.1257,58.7223082,57.9183853,35.9447682999999,40.300021,151,46.08846628,9.56391125,2,G01,151,4.438499845
2019-01-17 10:40:00+00:00,132.753137026666,30.040985625,34.89360825,,,,0,55.585560875,57.261542875,924.12559125,58.703757,57.864373,31.487402125,35.43507725,169,25.5817286333333,8.293755825,2,G01,169,3.87063320666666
2019-01-17 10:50:00+00:00,7.0226724047619,30.1161287,35.952615,,,,0,55.2096062727272,55.9638047,348.7463995,58.104477,57.3569537,31.8240927272727,37.5623831818181,155.5,-8.91194335714286,3.11528703,2,G01,155.5,3.58989978095238
2019-01-17 11:00:00+00:00,-3.15208815384615,30.1686701428571,39.4848215,,,,0,60.1236264999999,56.0392978571428,660.683687714285,56.5942511428571,55.9768927142857,35.3107918333333,41.312638,160,-10.1713479307692,5.89448078571428,3,G01,160,3.43616129230769
2019-01-17 11:10:00+00:00,307.939854749999,29.7886722999999,39.6492564,,,,0,62.5271591999999,56.4720316999999,1096.40338,56.3809895,55.7652231,35.9934357999999,40.8875,166,62.0886425,9.82513855,2,G01,166,5.125244815
2019-01-17 11:20:00+00:00,274.3016141,29.6000000999999,39.8804465,,,,0,64.1929483,57.0072344,1045.96082,58.1487459,57.4722671,35.9961849999999,40.43125,,55.99992968,9.37530229999999,2,G01,,4.794874795
2019-01-17 11:30:00+00:00,236.1759358,29.6212943999999,39.9548637,,,,0,63.796485,57.0367554999999,1041.72259999999,58.3995722,57.6262545,35.9961849999999,40.3312496,,46.19685442,9.3432082,2,G01,,4.48451475499999
2019-01-17 11:40:00+00:00,36.65446151,29.6145562,39.8418666,,,,0,61.9973868999999,56.4369738,746.982232,57.8407615999999,57.1163980999999,35.8045279,40.668999,186,3.609518175,6.68449419999999,2,G01,186,3.73124983
2019-01-17 11:50:00+00:00,62.0049419,29.438218,39.924162,,,,0,61.6223009,56.4737902,1029.81546,56.9414178,56.2138804,36.000756,40.275,170.75,11.3323093809999,9.24118905,2,G01,170.75,3.58053483
2019-01-17 12:00:00+00:00,88.54748165,29.4031836,40.0134958999999,,,,0,61.7971397999999,56.3766700999999,1030.01957,56.8643121999999,56.0960214,36.0191189,39.95625,173,18.04336296,9.2260374,2,G01,173,3.690674815
2019-01-17 12:10:00+00:00,103.125291749999,29.1388631,40.0824188,,,,0,61.8929025,56.2946024,1030.20363,56.8542959,56.0643795,36.8942382,39.7051453,,20.68496125,9.2339647,2,G01,,4.02504480499999
2019-01-17 12:20:00+00:00,145.4685329,29.0248474,40.1487258999999,,,,0,62.3241944,56.2549807,1030.0433,57.0004175999999,56.1843032,36.9879557,39.49375,191,28.54384405,9.23045805,2,G01,191,4.328814845
2019-01-17 12:30:00+00:00,119.55184215,28.8802278,40.2038439,,,,0,62.3245125,56.2671028,1030.02168,57.2301739,56.3816417,36.9952504999999,39.3316772,188,23.47615535,9.23427119999999,2,G01,188,4.16976978499999
2019-01-17 12:40:00+00:00,59.5622627,28.7620576,40.2505884,,,,0,61.5168116999999,56.0625806,1030.08426999999,57.2175049,56.3432471999999,36.9961849999999,39.175,,12.088001815,9.23665905,2,G01,,3.687414835
2019-01-17 12:50:00+00:00,60.7934479499999,28.6342054,40.2995018999999,,,,0,61.0482466,55.8631447,1030.11259,57.1052954,56.2270126999999,36.9961849999999,38.975,183.5,11.49186737,9.2385403,2,G01,183.5,3.58688480499999
2019-01-17 13:00:00+00:00,57.1668104,28.417415,40.3227021,,,,0,60.5734723999999,55.5700113999999,1026.133096,56.9248801,56.0413628,36.9961849999999,38.74375,197,11.228972944,9.2051497,2,G01,197,3.490394835
2019-01-17 13:10:00+00:00,306.9400975,28.0470308,40.3454304,,,,0,62.6963481,55.7879922,1040.88749,57.6833003,56.8139694,36.9961849999999,38.4635944,203,61.30559895,9.33445589999999,2,G01,203,5.339674805
2019-01-17 13:20:00+00:00,369.5661845,27.8987438,40.4524473,,,,0,64.0976476,56.2613848,1076.20819999999,59.1745614,58.3294794999999,36.9961849999999,38.2812759,,74.85450795,9.64949975,2,G01,,5.758799885
2019-01-17 13:30:00+00:00,446.433154,27.6950848999999,40.5741031,,,,0,65.2504299,56.7098614,1144.28218,60.5842186,59.7423427,36.9961849999999,38.2125,,90.33701905,10.25284295,2,G01,,6.102944855
2019-01-17 13:40:00+00:00,367.255907058823,27.548578625,36.1327281111111,,,,0,58.0834698888888,57.090387125,1062.3960875,61.474828125,60.636819125,32.8854977777777,33.8898493333333,,74.3956264117647,9.52194975,2,G01,,5.74647045882353
2019-01-17 13:50:00+00:00,386.128609411764,27.29977425,40.6746542857142,,,,0,65.4653541428571,57.3154965,1079.1388625,62.208085875,61.3235041249999,36.996185,38.073928,202.4,76.9656748823529,9.6672766875,2,G01,202.4,5.71692337647058
2019-01-17 14:00:00+00:00,402.0416455,27.1428037,40.7357975,,,,0,65.978312,57.5624569,1111.86794,62.9763503999999,62.1009314,36.9939659999999,37.968748,,81.91832955,9.9702987,2,G01,,5.81583981
2019-01-17 14:10:00+00:00,416.9970105,27.0029662,40.777739,,,,0,66.2707035,57.8209443,1114.76612,63.5791168,62.7021774,36.9793327,37.8374922999999,,84.71461805,9.9966086,2,G01,,5.966039855
2019-01-17 14:20:00+00:00,433.5307635,26.8805142,40.8400138,,,,0,66.6655878999999,58.0947305999999,1124.86072,64.2004381999999,63.3229159,36.0654033,37.6748184,,87.21833155,10.0825635,2,G01,,6.01164984499999
2019-01-17 14:30:00+00:00,662.0134385,26.6642850999999,41.0248737999999,,,,0,68.2493552999999,58.6329354,1287.4237,65.399455,64.5618896,36.003815,37.5015323999999,,133.885448049999,11.5353808,2,G01,,6.819364845
2019-01-17 14:40:00+00:00,664.3681165,26.5365013,41.247325,,,,0,69.5100195,59.2888927999999,1284.28558,66.8364213999999,66.075748,36.003815,37.3288132,,134.5569555,11.523515,2,G01,,6.97000480499999
2019-01-17 14:50:00+00:00,714.94881,26.4425995,41.3982624,,,,0,70.0281057,59.6678137,1314.94092,67.6725244,66.931799,36.003815,37.168586,,143.8071885,11.7981458,2,G01,,7.06429472499999
2019-01-17 15:00:00+00:00,756.086346499999,26.3174623,41.7686364999999,,,,0,70.0220544,59.0704432,1341.61638999999,68.6667973,67.9705395,36.003815,36.8000843,,152.933747499999,12.038385,2,G01,,7.07978978
2019-01-17 15:10:00+00:00,567.0649965,26.1679766,41.7061354999999,,,,0,68.5913161,58.5088639,1228.55824999999,68.4600526,67.7142985999999,36.003815,36.512508,,115.61438585,11.0122743,2,G01,,6.46568983999999
2019-01-17 15:20:00+00:00,555.493903,26.0726863,41.5469637,,,,0,67.7058923,57.8733252,1208.96487,68.037879,67.2416924,36.0034145,36.3305172,,113.53593385,10.8403179,2,G01,,6.548504805
2019-01-17 15:30:00+00:00,547.943275,25.9450415,41.44575,,,,0,67.1278340999999,57.311308,1218.11798,67.7744099999999,66.9671769999999,35.996843,36.1375,,112.37241075,10.9246765,2,G01,,6.3333299
2019-01-17 15:40:00+00:00,553.308944210526,25.7244728,37.6376903636363,,,,0,60.7467203636363,56.8887175,1199.43861,67.5143659,66.7145355,32.7216741818181,32.6590842727272,,112.587176999999,10.7425144,2,G01,,6.47793660526315
2019-01-17 15:50:00+00:00,725.22641,25.4136019999999,41.50014775,,,,0,67.4155325,56.6642234,1313.84474,67.666428,66.915689,35.98985175,35.65625,200,146.9751765,11.7762502,2,G01,200,6.69753984
2019-01-17 16:00:00+00:00,832.866066999999,25.2154008,41.6712625999999,,,,0,68.2271681,56.8670185,1379.8266,68.3111309,67.624599,35.9930193999999,35.5312504,,169.236171999999,12.37053745,2,G01,,6.974344755
2019-01-17 16:10:00+00:00,1248.83325,24.8128392,33.8549705999999,,,,0,56.614292,58.1595578,1588.74725999999,71.583812,71.0322209999999,28.6512672,28.18684,194.75,252.938989,14.236347,2,G01,194.75,8.25747954
2019-01-17 16:20:00+00:00,1347.79957,24.5958896,43.015858,,,,0,72.0941811,59.1863815,1624.80085,75.036254,74.5940438,35.8974583999999,35.0125,194,274.3285235,14.562159,2,G01,194,8.6608593
2019-01-17 16:30:00+00:00,1230.55353499999,24.3703348,43.5548073,,,,0,72.5608199999999,59.7043919,1559.08502,77.560058,77.1321404,36.0035496,34.9017257999999,190.25,250.2585635,13.9845133999999,2,G01,190.25,8.566574505
2019-01-17 16:40:00+00:00,1119.45027052631,24.1994933333333,43.7239674444444,,,,0,72.299324,59.5296121111111,1523.35698888888,77.7319175555555,77.2569124444444,36.0041824,34.8055572222222,186.7,225.753827894736,13.6603217777777,2,G01,186.7,8.07743643157894
2019-01-17 16:50:00+00:00,986.3614425,24.1205355,43.8482498,,,,0,71.942665,59.4594531,1457.45095,77.5038615,76.9848125,36.0039977,34.6115688181818,180.4,201.4339355,13.0635029,2,G01,180.4,7.92025945
2019-01-17 17:00:00+00:00,1026.12179090909,24.0053041666666,37.5304157142857,,,,0,61.5078228571428,59.4740853333333,1483.94633333333,76.8665596666666,76.2955269999999,30.003312,28.71875,180.666666666666,207.75513090909,13.3153428333333,2,G01,180.666666666666,7.97678149999999
2019-01-17 17:10:00+00:00,998.364974999999,23.8091403999999,43.70673875,,,,0,71.7909114999999,59.4448866,1460.5549,76.336893,75.747437,35.99310825,34.15625,181.8,204.811074,13.0883358,2,G01,181.8,8.01899948
2019-01-17 17:20:00+00:00,1127.8508865,23.7373675,43.8350637,,,,0,72.3634980999999,59.8035292,1530.43652,77.0973588999999,76.5502623,35.9805635,34.0326126,183,229.42056,13.7004484,2,G01,183,8.103564485
2019-01-17 17:30:00+00:00,956.7458855,23.5767773,43.8972982999999,,,,0,71.7323682,59.5151458,1425.05724,76.5783889999999,76.0044571,35.8852143,33.8874212,185,191.8369055,12.77509555,2,G01,185,7.58949467
2019-01-17 17:40:00+00:00,896.264308,23.4100001,43.7998733,,,,0,71.2510085999999,59.372198,1411.66701999999,75.6940193999999,75.0794684999999,35.0238973,33.7462467,,182.553746,12.65408155,2,G01,,7.44334467499999
2019-01-17 17:50:00+00:00,924.883772,23.2568178,43.6064581,,,,0,71.0594553999999,59.2026101,1427.57530999999,74.9331206,74.3114455,35.0061209,33.5499615,,185.518673,12.7824598,2,G01,,7.470904615
2019-01-17 18:00:00+00:00,1092.86340714285,23.163327,32.647585,,,,0,53.617875,59.3049656666666,1506.80303333333,74.9158866666666,74.3065916666666,26.25286125,25.078125,,220.742902857142,13.5061156666666,2,G01,,8.20728514285714
2019-01-17 18:10:00+00:00,1667.71196428571,23.0998157142857,44.5780828333333,,,,0,74.5910074999999,61.4046387142857,1731.6011,81.9905212857143,81.5411494285714,35.003815,33.2604166666666,197,340.750494285714,15.5314179999999,2,G01,197,8.87836383571428
2019-01-17 18:20:00+00:00,1720.91065555555,23.0783057777777,44.9285613333333,,,,0,75.3859353333333,62.130508,1756.61173333333,86.2769384444444,85.8549178888888,35.0047276666666,33.3819444444444,195.5,347.720428333333,15.7441072777777,2,G01,195.5,8.80164934444444
2019-01-17 18:30:00+00:00,1720.394785,23.0274678,45.1976559,,,,0,76.1450400999999,62.9104814999999,1743.48226999999,91.1016629,90.6675684,35.0084551,33.6125,194,348.9588615,15.62959815,2,G01,194,8.749299615
2019-01-17 18:40:00+00:00,1708.535485,22.953889,45.60495,,,,0,76.5159594444444,63.4413131111111,1745.84208888888,94.5096983333333,94.0747843333333,35.0088047777777,33.8125,,344.8686535,15.6655867777777,2,G01,,8.412754465
2019-01-17 18:50:00+00:00,1688.92197999999,22.8816001999999,45.8799315,,,,0,76.8663208,63.8322795999999,1745.75026,97.1914819,96.7422019,35.0141866,33.9679157,,343.380798999999,15.6577831999999,2,G01,,8.606859425
2019-01-17 19:00:00+00:00,1703.092195,22.8418706666666,46.0851772222222,,,,0,77.0786248888889,64.1278689999999,1749.70653333333,99.1395595555555,98.6985645555555,35.0338277777777,34.0543513333333,,345.365533,15.7044793333333,2,G01,,8.77526436
2019-01-17 19:10:00+00:00,1694.04502631578,22.7834789,46.2315292999999,,,,0,77.347135,64.3908199999999,1743.36558999999,100.9495691,100.5043685,35.871006,34.0624996,,343.971937368421,15.6182646,2,G01,,8.9715204368421
2019-01-17 19:20:00+00:00,1696.67332,22.695568,46.3600824444444,,,,0,77.5775616666666,64.5808308888888,1744.40096666666,102.331101,101.865757444444,35.9856731111111,34.0626415555555,,344.6511055,15.6537224444444,2,G01,,8.858979425
2019-01-17 19:30:00+00:00,1620.48768,22.5895178,46.5069738,,,,0,77.5222771,64.65289,1732.64809,103.0896129,102.5982707,35.9802593,34.0625,,333.05504,15.50686465,2,G01,,9.03616435
2019-01-17 19:40:00+00:00,1594.88627647058,22.5888554444444,41.4594346666666,,,,0,68.8682277777777,64.6551122222222,1707.38025555555,103.545769,103.044566111111,31.9072755555555,30.2777777777777,194,326.481448823529,15.2847586666666,2,G01,194,8.7904879117647
2019-01-17 19:50:00+00:00,1466.13012777777,22.5545371111111,41.5851676666666,,,,0,68.4507693333333,64.3483343333333,1658.51873333333,102.630984222222,102.121129333333,31.9861494444444,30.2430555555555,194,303.267946111111,14.8614368888888,2,G01,194,8.60756605555555
2019-01-17 20:00:00+00:00,1333.74843157894,22.5164327777777,42.0862708999999,,,,0,68.6728258,63.7769332222222,1603.53525555555,100.526153555555,100.020635,32.3782583999999,30.5123893999999,,271.044136315789,14.375137,2,G01,,7.92419975789473
2019-01-17 20:10:00+00:00,1128.14911894736,22.4357711,46.5645534444444,,,,0,75.0612454444444,62.6982009,1527.7339,96.7653875999999,96.2505405,35.6321186666666,33.6109475555555,194,228.917871578947,13.69963725,2,G01,194,7.40119979473684
2019-01-17 20:20:00+00:00,967.347621,22.434549,46.3997682,,,,0,73.6765810999999,61.5566487999999,1445.43196,92.5152217,91.9541819999999,35.0224034999999,33.3422036,,197.7655005,12.9482487,2,G01,,7.28447970999999
2019-01-17 20:30:00+00:00,856.490928888888,22.3701708888888,40.9379646666666,,,,0,64.27145,60.5850557777777,1390.80312222222,88.488446111111,87.8884351111111,31.1153335555555,29.4095062222222,194,173.055097777777,12.4711232777777,2,G01,194,7.09847746111111
2019-01-17 20:40:00+00:00,665.6183705,22.1688601999999,45.2070979,,,,0,70.0165794,59.3358313,1280.31228,84.060718,83.3931225,35.003815,32.8326904,194,135.31389925,11.4767315999999,2,G01,194,6.380239785
2019-01-17 20:50:00+00:00,602.948801999999,22.0170201,44.6134775,,,,0,68.548941,58.2457249,1239.58266999999,80.2735896,79.5677821,35.003815,32.633737,,122.1377808,11.1088510499999,2,G01,,6.41182472999999
2019-01-17 21:00:00+00:00,492.707067,21.8639687,44.0822061,,,,0,67.035666,57.2731156,1165.40557,76.7915007,76.0557446,34.9880656,32.44375,,99.6947999,10.4393333,2,G01,,6.24069484
2019-01-17 21:10:00+00:00,442.244084,21.7379054,43.5896751,,,,0,65.5220823999999,56.4277133,1125.8587,73.688054,72.9259470999999,34.0214272,32.26875,,87.9978587999999,10.0904742,2,G01,,5.78234479999999
2019-01-17 21:20:00+00:00,443.936495,21.6304615,43.1965015,,,,0,63.9986673,55.7844352,1127.53795,71.2294111,70.4352459999999,34.003815,32.0438722,,90.36558895,10.1094643999999,2,G01,,6.153274745
2019-01-17 21:30:00+00:00,459.590156999999,21.6030408,42.8435039999999,,,,0,63.1771939,55.2687277,1144.09879,69.172952,68.3878845999999,33.2099291,31.8298225,200,93.20517675,10.26114845,2,G01,200,6.120484775
2019-01-17 21:40:00+00:00,458.987629,21.5871811,42.5233723,,,,0,63.3541231,55.0360389,1139.50859,67.4944276,66.7130042,33.0042235,31.75,,91.5075411,10.2154730499999,2,G01,,6.22641987
2019-01-17 21:50:00+00:00,499.3587575,21.5168946999999,42.3524234,,,,0,65.1280976,55.4924107,1168.73180999999,66.466891,65.6874017,33.003815,31.8025124,,101.33817,10.4867962,2,G01,,6.096919855
2019-01-17 22:00:00+00:00,492.6412735,21.3409582,42.1985914,,,,0,65.6925145,55.9590396999999,1162.29995,65.6772468999999,64.9125001,33.003815,31.8124262,,99.4572327,10.4315736,2,G01,,6.343879875
2019-01-17 22:10:00+00:00,433.974155,21.1205183999999,42.0070502,,,,0,65.6616689,56.1867111999999,1120.33068,64.7788307,64.01163,33.003815,31.8124931,197,88.5878468499999,10.0406934,2,G01,197,6.030289895
2019-01-17 22:20:00+00:00,401.009802777777,21.0696994444444,37.646843,,,,0,58.959768,56.3171271111111,1090.8614,63.9239666666666,63.1457592222222,29.7034335,28.5813211,,82.3581226111111,9.79644177777777,2,G01,,5.75496093888888
2019-01-17 22:30:00+00:00,342.3434445,21.0302186,41.6011837777777,,,,0,64.8864948888888,56.3121608999999,1040.22776,62.8150422999999,62.0213023999999,33.0029672222222,31.6736111111111,194,69.9574294999999,9.32413619999999,2,G01,194,5.49070979999999
2019-01-17 22:40:00+00:00,334.569168,20.9768732,41.4164901,,,,0,64.5983735,56.258233,1032.31481,61.7487704999999,60.9650812,32.9958912,31.5684844999999,,67.91385375,9.2582035,2,G01,,5.38267481
2019-01-17 22:50:00+00:00,310.243454,20.9262323,41.2354936,,,,0,64.3388607999999,56.1021179,1030.69484,60.7681646,60.0012453,32.9905137999999,31.4376717,,63.16536085,9.23810209999999,2,G01,,5.640489825
2019-01-17 23:00:00+00:00,325.6499715,20.9135157,41.0599494,,,,0,64.2161629,55.9136473999999,1038.11377,59.8110992,59.0527853999999,32.5660422,31.3057446,200,65.5819753,9.30937709999999,2,G01,200,5.71163488
2019-01-17 23:10:00+00:00,329.5933225,21.1058303,40.9132971,,,,0,64.2038899999999,55.9085439,1036.56994,59.2241971,58.4764868,32.1012751,31.1621026,,67.43079815,9.29342,2,G01,,5.80006982
2019-01-17 23:20:00+00:00,380.5943355,21.1223321,40.791502,,,,0,64.5286265,55.8787817,1077.88774,58.8616948,58.1294305999999,32.006249,31.0658659,,76.7859118,9.66756719999999,2,G01,,5.91492981999999
2019-01-17 23:30:00+00:00,394.690143,21.105973,40.7022466,,,,0,64.8671189,55.9547267999999,1083.73438,58.7541025,58.0328481,32.0045389,31.00625,194,79.65692425,9.71426519999999,2,G01,194,6.02102485
2019-01-17 23:40:00+00:00,321.616167,21.022305,40.5688859,,,,0,64.416002,55.8669527999999,1035.03293,58.3074849,57.5761767,32.003815,30.9879332,,65.2098816499999,9.28008355,2,G01,,5.725854795
2019-01-17 23:50:00+00:00,284.5687965,20.9254071,40.3917026,,,,0,63.9472935,55.6871527999999,1030.10989,57.5005993,56.7372604,32.003815,30.9138655,,56.8378238499999,9.2326466,2,G01,,5.391889825
2019-01-18 00:00:00+00:00,276.841927,20.9081253,40.2614464,,,,0,63.7555676,55.5686619,1030.02791,56.9451771,56.1912940999999,31.9981222,30.7869544999999,,56.87193265,9.23167369999999,2,G01,,5.19412982
2019-01-18 00:10:00+00:00,260.3264395,20.8610794999999,40.1202301,,,,0,63.5052884,55.3640650999999,1030.16516,56.2257966,55.4655458,31.9973027,30.675,,52.3813017999999,9.2389992,2,G01,,5.330094845
2019-01-18 00:20:00+00:00,262.623342,20.8342857777777,39.9851573333333,,,,0,63.3654884444444,55.2390172222222,1029.99154444444,55.6003882222222,54.8483357777777,31.9965479999999,30.56875,,53.3918993999999,9.22865205555555,2,G01,,5.24237481
2019-01-18 00:30:00+00:00,276.5040395,20.8751087,39.8766461,,,,0,63.3089733999999,55.0840901,1029.83809,55.209366,54.4621488999999,31.9942287,30.4583333333333,188,55.7302121,9.24026985,2,G01,188,5.436209775
2019-01-18 00:40:00+00:00,269.27144,20.8345946666666,35.3433453333333,,,,0,56.2057984444444,55.0484422222222,1029.92183333333,54.8857,54.139357,28.4325195555555,27.3437506,188,54.2881056111111,9.23192088888888,2,G01,188,5.33852201111111
2019-01-18 00:50:00+00:00,262.617550999999,20.8120658,39.6609484,,,,0,63.100267,54.9613862,1030.14523,54.5423059,53.7944419,31.9718925,30.327698,,54.05063635,9.23875275,2,G01,,5.12075479999999
2019-01-18 01:00:00+00:00,259.435688888888,20.8921698888888,35.1741913333333,,,,0,55.9586086666666,54.7749098888888,1030.13704444444,54.1884896666666,53.4423983333333,28.4056044444444,26.882694,188,53.1695275555555,9.24249072222222,2,G01,188,5.22305536111111
2019-01-18 01:10:00+00:00,266.111974375,18.6171061111111,35.0889212222222,,,,0,55.8954228888888,48.620525,915.650122222222,47.8816615555555,47.2332955555555,28.1044765555555,27.1554352,188,55.0652388749999,8.21010216666666,2,G01,188,5.39099980625
2019-01-18 01:20:00+00:00,270.5430305,20.8823392,39.3711010999999,,,,0,62.7922636,54.5891273,1030.06686999999,53.5137400999999,52.8061156,31.034809,30.10817525,188,54.85514075,9.2405254,2,G01,188,5.3025948
2019-01-18 01:30:00+00:00,250.767316,20.9328827,39.2790565,,,,,62.7141186999999,54.5056418,1029.83237,53.2773791,52.5775586,31.0140213,30.0200466666666,,51.0340606,9.238615,2,G01,,5.077394775
2019-01-18 01:40:00+00:00,206.0698255,20.9323947,39.1859789,,,,,62.3425423,54.3008868999999,1029.86893,52.6867416,51.9859372,31.012003,29.9692135,,41.635932,9.2355793,2,G01,,5.04199481999999
2019-01-18 01:50:00+00:00,220.283583,20.9444757,39.1074708,,,,,62.1427055,54.137177,1029.94119,52.1722458999999,51.4602512999999,31.0083755,29.9387485,,44.4313586,9.2389604,2,G01,,5.09394485
2019-01-18 02:00:00+00:00,247.353596,21.0076468999999,39.0196551,,,,,62.2166759,54.0339361,1029.94920999999,52.0328393,51.3197615,31.0065467999999,29.9279996,,49.89072075,9.2406357,2,G01,,5.324424765
2019-01-18 02:10:00+00:00,201.787237,21.1661967,38.9257823999999,,,,,62.064555,53.9909735,1030.0681,51.8930142,51.1735742,31.0092008,29.968794,191,41.0198548,9.23558959999999,2,G01,191,5.081069725
2019-01-18 02:20:00+00:00,81.45545785,21.3047069,38.8339649,,,,,60.5508511,53.6381301,1029.83399999999,51.1693543999999,50.4343581,31.0075127,30.03125,,16.62693295,9.2310489,2,G01,,3.93251479
2019-01-18 02:30:00+00:00,46.35296345,21.405047,38.745047,,,,,59.1547246,53.1051086,1029.99590999999,50.2589571,49.5347086,31.0069004999999,,182,9.488910515,9.2327512,2,G01,182,3.598019825
2019-01-18 02:40:00+00:00,12.3362624715,21.4861185,38.6522927,,,,,58.1160368,52.4903558,1029.17800999999,49.4828637,48.7649616,31.0030614,30.095431,,3.2348963215,9.2231221,2,G01,,3.004834845
2019-01-18 02:50:00+00:00,-6.023409105,21.7882054,38.3154251,,,,,56.2186713,51.4587329,277.7778423,48.7279583,48.1012307999999,30.8618692857142,30.6939397142857,189.5,-8.121936825,2.504763165,2,G01,189.5,2.71578486
2019-01-18 03:00:00+00:00,-4.781789405,22.1712095,37.6679596,,,,,54.2869332,50.8595645,78.1426695999999,48.2780577,47.769257,30.1160985,31.715909090909,,-8.385142125,0.7969513,1,G01,,2.709499865
2019-01-18 03:10:00+00:00,-5.34875176499999,22.46359,37.3004476,,,,,53.4500655,50.8544795,124.3580728,47.8348309,47.4061141,30.0037229999999,32.470427,,-8.51059825,1.18881422444444,2,G01,,3.27353488499999
2019-01-18 03:20:00+00:00,-5.44699595,22.6518663333333,37.106336,,,,0,53.0994738888888,51.2371177777777,145.799672333333,47.0881645555555,46.7084541111111,30.001907,33.02201225,191,-8.66067930555555,1.29795374888888,2,G01,191,3.48020541111111
2019-01-18 03:30:00+00:00,-5.619220935,22.7621778,36.9571359,,,,0,52.9453715,51.322197,324.1982742,46.2865935,45.9391865,30.001907,33.4625,178.5,-9.8217039,2.86305933699999,207,G01,178.5,3.374009845
2019-01-18 03:40:00+00:00,51.6724124499999,22.9489804,36.9164995,,,,0,53.5871202999999,51.144277,516.2172915,45.4637117,45.1487162,30.0138909999999,32.58748,185,3.20546124999999,5.14227247777777,54,G01,185,3.702994885
2019-01-18 03:50:00+00:00,95.44033025,23.2661188,37.3781919,,,,0,57.1071409,52.370492,1029.7226,46.6128448,46.1411117,30.8808926,31.7621807,,19.4556433,9.2300706,2,G01,,3.81670978
2019-01-18 04:00:00+00:00,38.29433075,23.5711765,37.6753204,,,,0,57.5475679,52.6964006,772.12712,48.9998943,48.3479282,30.9931002,31.8417669,,5.49092432,6.952815584,2,G01,,3.682424855
2019-01-18 04:10:00+00:00,86.227410035,24.0056163999999,37.7744564,,,,0,57.7256325,52.949887,1031.07181,50.0921182,49.4581491,31.1228937,32.3203854,,19.47159727,9.24949715,2,G01,,3.6309698
2019-01-18 04:20:00+00:00,77.4624355999999,24.0078127,38.015361,,,,0,58.6463692,52.8776338,1029.69825,51.0726715,50.3871758,31.990645,32.2184814,,16.44915662,9.2361434,2,G01,,3.554014875
2019-01-18 04:30:00+00:00,9.25412263699999,24.3747124,38.0569558,,,,0,57.6253267999999,52.3011186,790.408499999999,50.9072464,50.220548,31.764474,32.431089,,1.7791946265,7.10016343,2,G01,,3.514034905
2019-01-18 04:40:00+00:00,14.729406355,24.5664704,37.92075,,,,0,56.4320495999999,51.7397757,797.253458999999,49.8341323999999,49.2652299,31.6815398999999,32.9937433,,-1.842399025,7.12850521999999,3,G01,,3.27422987
2019-01-18 04:50:00+00:00,48.32055867,24.6182359,37.9326517999999,,,,0,56.7344587,51.7706377,1030.30123,48.8279342,48.3032804,31.9977363,33.1913456,169,10.090658785,9.23573115,2,G01,169,3.32999486
2019-01-18 05:00:00+00:00,-8.14168274999999,25.1050416,37.7131811,,,,0,55.2022092999999,50.7773934,240.2389455,48.627516,48.0939532,31.3407361,33.5693466,178.333333333333,-11.6885232749999,2.149329945,2,G01,178.333333333333,3.31999483
2019-01-18 05:10:00+00:00,-7.519336585,25.326789,37.1704048,,,,0,53.0383179999999,50.0868067,266.0119634,48.0570227999999,47.6211437,31.0036927,34.568931,181.5,-11.02098255,2.379347716,3,G01,181.5,3.402039915
2019-01-18 05:20:00+00:00,-2.84276847,25.7352975,37.1710518,,,,0,53.5571642,50.6634569,393.686274099999,47.0964758,46.7103494,31.4137711,34.7970565,169,-6.182002805,3.4574158,2,G01,169,3.071939865
2019-01-18 05:30:00+00:00,24.80508792,26.0720366,37.127749,,,,0,53.9214801,50.8741443,821.1064896,46.7923773,46.4059849,31.6835965,35.201083,,1.6533351865,7.34540111399999,3,G01,,3.48357987
2019-01-18 05:40:00+00:00,107.7070974,26.4823636,37.5801276,,,,0,56.7565943,51.9368573,1030.10141,48.8204162,48.2341091999999,32.2143981999999,34.8661377,178,21.38943431,9.2463116,2,G01,178,3.769849835
2019-01-18 05:50:00+00:00,-3.13703480499999,26.4914361,37.6081927,,,,0,56.0638585999999,51.6371873,378.2594505,50.6675424999999,49.9808679,32.3170866,35.1624973,178.4,-11.19291537,3.41024203399999,2,G01,178.4,3.59723491
2019-01-18 06:00:00+00:00,7.15267320999999,26.7111335,37.4164823,,,,0,54.8575436,51.104174,569.006042899999,50.0127521,49.4215649,32.0166403,35.831239,173.4,-8.55376701585,5.07771758,2,G01,173.4,3.551959825
2019-01-18 06:10:00+00:00,89.61819517,26.7882426,37.3295401,,,,0,54.7994231,50.8203412999999,802.8059915,49.3456223,48.8224648,32.3930758,36.0703665,200,16.84510168,7.179281613,2,G01,200,4.07167480999999
2019-01-18 06:20:00+00:00,32.267080165,27.0291237,37.5871148,,,,0,56.2857707,51.142016,702.5325184,49.744983,49.1366203,32.8962918999999,35.583249,,3.52307212499999,6.306409936,2,G01,,3.58923481999999
2019-01-18 06:30:00+00:00,-2.89134813999999,27.1728806,37.2731187,,,,0,54.0048929,50.3003595,410.599993,49.2901189999999,48.7375745,32.4501906999999,36.4068663,203,-11.86240269,3.3394815090909,2,G01,203,3.62151485
2019-01-18 06:40:00+00:00,76.29313877,27.4033624,37.0938724,,,,0,53.3839973,49.8474751,500.1924619,48.3449517,47.9022535,32.4048948999999,36.56875,213.5,6.23785973499999,4.95071273,2,G01,213.5,3.81756485499999
2019-01-18 06:50:00+00:00,81.261064375,27.5935659,37.4050195,,,,0,56.2341636,51.0212724999999,1027.36325499999,48.9845124,48.4555631999999,32.9961849999999,36.2315491,200,16.960027955,9.2112753,2,G01,200,3.615454805
2019-01-18 07:00:00+00:00,-5.500647745,28.3318111,37.3272272,,,,0,54.7052581,50.6042842,168.736525799999,49.9985176,49.3954761,32.9849126999999,36.712508,,-9.0598435,1.53718317111111,2,G01,,2.63641993
2019-01-18 07:10:00+00:00,-2.697920285,28.413626,37.0348439,,,,0,53.5082049,50.6175104,411.2096197,49.6944248,49.170893,32.9824673,37.7384333,194,-8.96985552,3.68202343,3,G01,194,3.585564815
2019-01-18 07:20:00+00:00,14.275881285,28.6236387999999,37.292724,,,,0,54.7396292,51.3379787,722.717022399999,49.4847122,49.0346781,32.9985705,37.6,173.5,-1.44916071,6.464275406,2,G01,173.5,3.38586988
2019-01-18 07:30:00+00:00,27.40812674,28.9517845,37.4776273,,,,0,55.2353302999999,51.6563609999999,823.220020999999,49.8670304999999,49.4382466999999,33.1874456,37.7774494,195,2.37535115,7.371050814,3,G01,195,3.30074986
2019-01-18 07:40:00+00:00,102.372283949999,28.6564148,37.8411591,,,,0,57.3146035,52.2969922,1030.11251,51.2223747,50.6938471,33.9911089999999,37.3549997999999,,20.3230836849999,9.2381873,2,G01,,3.94110481
2019-01-18 07:50:00+00:00,-7.20559973999999,28.6316029999999,37.7997909,,,,0,55.8216983,51.314371,280.370665,52.1183908,51.4839139,33.333162,37.443758,172.5,-11.492048269,3.47435531428571,1,G01,172.5,3.329949835
2019-01-18 08:00:00+00:00,-8.74099447,28.913471,37.4132222,,,,0,53.6459417,50.7346046,240.4220024,51.7323341,51.1773744,33.003815,38.5293029,163,-14.093551275,2.1152598,2,G01,163,3.72253985
2019-01-18 08:10:00+00:00,15.9233099588235,28.7603598888888,33.3612933333333,,,,0,48.4543662222222,50.9434744444444,503.703455333333,50.9640003333333,50.4697357777777,29.8815618888888,34.125,148.5,-4.86596396117647,4.9578487425,2,G01,148.5,3.28712337647058
2019-01-18 08:20:00+00:00,-8.4304503,29.1430507777777,33.5194619,,,,0,47.5056689,50.0077702222222,139.516457444444,50.6846725555555,50.2133225555555,29.7039736,35.06249,157,-13.4291827941176,1.2673389875,1,G01,157,3.53624693529411
2019-01-18 08:30:00+00:00,181.93422175,28.8851078,37.4596996666666,,,,0,55.830155,50.7898259,1033.01924999999,50.4404197,49.9472835,34.0029211111111,38.5,187.4,33.87601641,9.2664115,2,G01,187.4,4.283689805
2019-01-18 08:40:00+00:00,178.205022849999,28.842823,37.7643423,,,,0,58.0231628999999,51.4982043,1033.45064,51.8784302,51.2401719,34.4804579,38.0125,151,36.286742735,9.26164159999999,2,G01,151,4.210214815
2019-01-18 08:50:00+00:00,-1.039721295,29.3209149,37.8166405,,,,0,56.0231344,51.0633463,458.873664799999,52.1921527,51.4936679,34.4639947,38.3729145,132,-5.08706212124999,4.11074154,2,G01,132,2.838224845
2019-01-18 09:00:00+00:00,2.42627874117647,29.664605625,33.3136165555555,,,,0,48.3756793333333,50.72241675,493.26481875,51.818978625,51.206635375,30.2132412222222,35.1111111111111,149.5,-8.55073785294117,4.97470687999999,2,G01,149.5,4.02072926470588
2019-01-18 09:10:00+00:00,23.16915653,29.6700173,37.6563543333333,,,,0,54.949271,51.1807253999999,623.947245699999,51.077135,50.5674309,34.3202814444444,39.4513888888888,166,-3.00803097,5.595917346,2,G01,166,3.42301984
2019-01-18 09:20:00+00:00,214.177338,29.382673375,33.18316475,,,,0,50.821990625,51.8811886249999,1038.25521249999,51.8532093749999,51.260760125,30.6210435,33.98437425,178,42.2020451999999,9.2994435625,2,G01,178,4.49500646666666
2019-01-18 09:30:00+00:00,314.107200625,29.414856,33.372837375,,,,0,52.551194625,52.5008507499999,1080.3915625,53.5650259999999,52.85641,30.621661875,33.8125,155.666666666666,65.6416915,9.6883180625,2,G01,155.666666666666,5.060031175
2019-01-18 09:40:00+00:00,197.8122081,29.5115496,38.3254557,,,,0,60.4453928999999,53.145167,1031.10658,55.0022073,54.2200941,34.9961849999999,38.8068287,140,41.159459,9.2449964,2,G01,140,4.21665983
2019-01-18 09:50:00+00:00,97.730857955,29.761082,38.4559065,,,,0,59.7462478999999,53.2744839,1029.71009999999,55.4579235,54.6370695,34.9961849999999,39.1624985,138,20.266663245,9.23563254999999,2,G01,138,3.72155481499999
2019-01-18 10:00:00+00:00,208.126555,29.4714732,38.5740948,,,,0,60.3655916,53.6261156,1031.19554,55.9148155,55.086102,34.996948,39.2376119,166.714285714285,40.7351408849999,9.24662065,2,G01,166.714285714285,4.70045983
2019-01-18 10:10:00+00:00,51.3981411,29.646766375,33.873636,,,,0,52.3891557499999,53.846352375,908.05440125,56.217836875,55.382045125,30.62945675,34.3982325,159,9.67331915714285,8.15096616624999,2,G01,159,3.255207
2019-01-18 10:20:00+00:00,67.078634985,29.7214276,38.5141309,,,,0,58.3024675,53.3695219,611.5461004,55.6726685,54.9496527,35.003815,40.1188864,185.5,6.122389935,5.45664566,2,G01,185.5,4.26263483999999
2019-01-18 10:30:00+00:00,63.5092225499999,29.6280324,38.7166638,,,,0,59.7201890999999,54.1176522,881.660426,55.6841228,54.9722219,35.2847366,39.7698253999999,166,11.0276398699999,7.92447691999999,2,G01,166,3.442604875
2019-01-18 10:40:00+00:00,199.4406501,29.3720734,38.7178166,,,,0,59.4841993,53.7191152,903.141131,55.5797131,54.8792405999999,35.3409369,39.874201,180,39.83364065,8.06838552,3,G01,180,4.872514725
2019-01-18 10:50:00+00:00,441.8661575,29.27706775,23.3129922,,,,0,37.0577742,54.396081,1129.346875,56.647671,55.92002775,21.5956433999999,23.725,178.5,84.1069706249999,10.114265625,2,G01,178.5,5.7675497375
2019-01-18 11:00:00+00:00,57.09440738,29.205335,39.0906897777777,,,,0,61.4166017777777,54.9318014,1031.14243,57.8052189,56.9991642,35.9959514444444,39.4342472222222,184,13.9750803702,9.24664965,2,G01,184,3.47606652666666
2019-01-18 11:10:00+00:00,368.116734,29.0409569,39.2068464,,,,0,62.5562324,55.1274028999999,1110.92334999999,58.1339405,57.3110842,35.9961849999999,39.4360133999999,194,72.5791074,9.95717695,2,G01,194,5.199139815
2019-01-18 11:20:00+00:00,260.312352199999,28.9071382,39.3973367,,,,0,63.3924162999999,55.7823588,1056.84401,59.2977920999999,58.5239738999999,35.9961849999999,39.3220493,176.5,51.9621137,9.4874726,2,G01,176.5,4.85230988
2019-01-18 11:30:00+00:00,267.50374125,28.9161794,39.4335984999999,,,,0,63.2627711,56.0341201,1052.15101999999,59.1881828,58.3956798,35.9961849999999,39.312445,188,53.7619491999999,9.42774615,2,G01,188,4.927399825
2019-01-18 11:40:00+00:00,345.5571688,28.6149853999999,39.5478226,,,,0,64.2887001,56.4784659999999,1089.41434,59.9421321,59.1639435,35.9961849999999,39.23125,189.25,70.1987255,9.7708656,2,G01,189.25,5.43662483
2019-01-18 11:50:00+00:00,346.7536655,28.4374796,39.6461695,,,,0,64.7023663,56.7893845,1060.89999,60.49332,59.7362813,35.9961849999999,39.158398,195.5,69.7467250999999,9.5105728,2,G01,195.5,5.53548483499999
2019-01-18 12:00:00+00:00,312.716589499999,28.3919807,39.7243502,,,,0,64.768806,57.0685132999999,1061.18907,60.7928665,60.0286223,35.9961849999999,39.11875,193.25,63.58111185,9.51996085,2,G01,193.25,5.34277978499999
2019-01-18 12:10:00+00:00,445.128395,28.2723496999999,39.8543453,,,,0,65.8651566,57.4585853,1133.66348,61.5104069999999,60.7645128,35.9961849999999,39.05625,191,90.0354054,10.1641676999999,2,G01,191,5.689944835
2019-01-18 12:20:00+00:00,462.897763,28.1227299,40.0011898,,,,0,66.7044451,57.8635374999999,1143.36248,62.5211226,61.7815808,35.9961849999999,38.9682514,,93.9467188,10.2550891,2,G01,,6.002039795
2019-01-18 12:30:00+00:00,362.7784215,28.0071268,40.1020966,,,,0,66.6677029999999,58.2579345,1096.47274,63.0563328,62.2916555,35.9960314999999,38.8938885,203,74.0113425999999,9.83900245,2,G01,203,5.31431487499999
2019-01-18 12:40:00+00:00,661.969019999999,27.7936923,40.2790287,,,,0,68.1247557,58.7173203999999,1291.35771,63.8883926999999,63.115925,35.9960038,38.7872345,,133.745717799999,11.5830644499999,2,G01,,6.485014775
2019-01-18 12:50:00+00:00,717.6528175,27.6185969,40.6333006999999,,,,0,69.8580949,59.5650334,1318.40988,65.8696579999999,65.1996154,35.9826619,38.5487037999999,207.5,144.6856273,11.8260826,2,G01,207.5,7.0022799
2019-01-18 13:00:00+00:00,513.9175415,27.4435441,40.7688792,,,,0,68.6784701999999,58.872292,1184.71386,66.3362444999999,65.6471897,35.0047963,38.218564,,104.89437205,10.63001095,2,G01,,6.04015486
2019-01-18 13:10:00+00:00,484.0959,27.2542743,40.6536043,,,,0,67.2586533999999,57.9990117999999,1168.83574,65.8024286,65.0581294999999,35.0048138,37.925,206,97.9363863,10.4696972,2,G01,206,5.963639805
2019-01-18 13:20:00+00:00,598.490987,27.1291914,40.7072065,,,,0,67.3942412,57.5256187,1239.47545999999,65.9049079999999,65.1728301999999,35.0090857999999,37.6499996,,121.44827855,11.11851615,2,G01,,6.352289755
2019-01-18 13:30:00+00:00,484.9138935,27.0211106,40.7264787,,,,0,66.590762,57.1042943,1158.89117999999,65.682287,64.952199,35.009448,37.4125072,,99.4028602499999,10.3841309,2,G01,,6.0472699
2019-01-18 13:40:00+00:00,547.4947135,26.9169989,40.6993516,,,,0,66.1767455,56.5771206,1213.73994,65.3500116,64.5865159,35.0054691,37.2136112,,109.48406655,10.87997305,2,G01,,6.015334845
2019-01-18 13:50:00+00:00,516.027925,26.7491838,40.7639547999999,,,,0,66.1209224,56.3855119,1199.76225,65.4963721,64.7492617,35.0073399,36.99375,,105.63202915,10.7725723,2,G01,,6.1800998
2019-01-18 14:00:00+00:00,587.795014444444,26.571205,32.5827448,,,,0,52.7603969999999,56.07549225,1240.43662499999,65.2905375,64.522295,28.005691,29.487207,206,116.809147111111,11.12636525,2,G01,206,6.52842208888888
2019-01-18 14:10:00+00:00,477.078943,26.3309245,40.7558097777777,,,,0,65.2836166666666,55.8376917999999,1168.01122999999,65.1995405,64.4342488,35.0043699,36.6184844999999,206,97.1496849999999,10.4729150999999,2,G01,206,6.06410984499999
2019-01-18 14:20:00+00:00,551.204429,26.1918625,40.7459737999999,,,,0,65.0827365,55.6126734,1212.69163999999,65.1067686,64.3261477999999,35.003815,36.4580506666666,,111.4763481,10.88441085,2,G01,,6.112169845
2019-01-18 14:30:00+00:00,679.1417165,26.025952,40.848636,,,,0,65.4133917,55.5738060999999,1292.15811999999,65.4413929999999,64.6936469999999,35.0039213999999,36.227084090909,,137.649031199999,11.5828556999999,2,G01,,6.75450484499999
2019-01-18 14:40:00+00:00,849.646131666666,25.876574,32.9015382,,,,0,53.4249949999999,56.0500456,1387.66531999999,66.5991828,65.9303872,26.25369075,27.0055245,,172.331746666666,12.4484987,2,G01,,7.0780498
2019-01-18 14:50:00+00:00,654.287028,25.7627813999999,41.3840972,,,,0,66.2855777999999,56.0643279,1270.64145,66.8525913999999,66.1724768,35.0039575,35.84375,206,131.724284,11.38862675,2,G01,206,6.69277981333333
2019-01-18 15:00:00+00:00,601.322283333333,25.6600443333333,30.9663135,,,,0,49.3048525,55.8879746666666,1244.07916666666,66.65517,65.942353,26.25286125,26.8437385,,124.271665166666,11.149317,2,G01,,6.29411655
2019-01-18 15:10:00+00:00,736.578242,25.561466875,41.4275221428571,,,,0,66.3588622857143,55.997941,1326.7079125,67.1781545,66.4937625,35.003815,35.5605642857142,206,149.585264666666,11.89055575,2,G01,206,7.11118645333333
2019-01-18 15:20:00+00:00,700.934976999999,25.4786491,41.5239036,,,,0,66.197991,56.0569481,1311.01386,67.3511645,66.669766,35.003815,35.4323902,,142.32231225,11.7570874,2,G01,,6.803219765
2019-01-18 15:30:00+00:00,1015.33333599999,25.4725674,41.7044527,,,,0,67.7263505,56.6270762999999,1491.53731,68.5579619,67.9515954,35.003815,35.2625,,203.637264999999,13.37392785,2,G01,,7.70942451999999
2019-01-18 15:40:00+00:00,1249.153985,25.3530376999999,42.4506287,,,,0,70.4518389,58.0296164,1574.50561,72.0852041,71.6237848,35.003815,35.0576946,200,253.6611425,14.1129553,2,G01,200,8.28092448499999
2019-01-18 15:50:00+00:00,1110.719975,25.1824621,42.9744941,,,,0,71.2311109,58.4436145,1500.50877,74.2446019999999,73.8209447999999,35.0055976,34.9568523,,225.642812,13.4451945,2,G01,,7.74083452499999
2019-01-18 16:00:00+00:00,927.410003499999,24.9997954999999,43.0861341,,,,0,70.5985237,58.3640532999999,1433.73649,74.1097396,73.6068431,35.0053988,34.887522,,189.5022905,12.8576171999999,2,G01,,7.11992469
2019-01-18 16:10:00+00:00,724.4247945,24.8073816,42.9631372,,,,0,69.2779819,58.0213869,1318.78615,72.8569094,72.2536313999999,35.0039245,34.7812492,,147.4866845,11.8236109999999,2,G01,,6.48136972
2019-01-18 16:20:00+00:00,699.625049,24.6517182,42.7157055999999,,,,0,68.4662544999999,57.7044104,1309.92496999999,71.6003806999999,70.9323251,35.003815,34.6949875,,141.918846,11.7334818,2,G01,,6.67191972999999
2019-01-18 16:30:00+00:00,593.676104999999,24.5060712,42.3436186999999,,,,0,67.0217595999999,57.1558295,1269.03984,70.1610495,69.4460105,34.7404516,34.5933224,,122.8477655,11.37842555,2,G01,,6.13788477
2019-01-18 16:40:00+00:00,715.273347999999,24.3999379,42.2974846,,,,0,67.1674365999999,56.9488069999999,1323.50095,69.6506079,68.9679654,34.7919941999999,34.4062534,,146.42021175,11.86267735,2,G01,,6.77709485
2019-01-18 16:50:00+00:00,544.4217595,24.2576245,42.0401474,,,,0,65.9095086,56.5305597,1196.86035,68.5566024,67.85792,34.9157675999999,34.2749996,,110.0653692,10.72597005,2,G01,,6.459214855
2019-01-18 17:00:00+00:00,476.849202,24.0626196,41.7203761,,,,0,64.3023634999999,55.9382047,1155.66354,67.0655233999999,66.320722,34.9306522,34.149987,,96.25755325,10.3576214,2,G01,,6.265639845
2019-01-18 17:10:00+00:00,434.172186,23.8967802,41.4673156,,,,0,63.2553551,55.3944727,1116.17975999999,65.7790874999999,65.0071727,34.3984415,33.999816,,87.4281830999999,10.01281105,2,G01,,6.082899795
2019-01-18 17:20:00+00:00,405.364374,23.7314346,41.2371966,,,,0,63.0272496999999,55.0735336,1099.24713,64.6095474999999,63.8227438,34.015805,33.8923329999999,,81.5658783999999,9.8605607,2,G01,,5.98756485
2019-01-18 17:30:00+00:00,413.151257,23.6399184,41.0853047999999,,,,0,64.2485264,55.5001392,1111.91888,63.9067080999999,63.1034429999999,34.0068677999999,33.9375,,83.9913692499999,9.9801645,2,G01,,5.877604835
2019-01-18 17:40:00+00:00,434.7084995,23.588845,41.0054792,,,,0,64.8965369,55.7772239,1121.82024,63.5599333,62.7641292999999,34.004003,33.925,,86.8609809,10.0622009999999,2,G01,,5.66930489
2019-01-18 17:50:00+00:00,436.33243,23.5022728999999,40.9278302,,,,0,65.2801011,56.0928062999999,1120.47951,63.2830613,62.4927713,34.003815,33.843971,,87.91641025,10.0487619,2,G01,,5.88219483
2019-01-18 18:00:00+00:00,398.458044499999,23.3535537,40.8411554,,,,0,65.2303578,56.3288857,1090.95527,62.9014964,62.0966562,34.003815,33.7689964,203,80.2200857,9.7839748,2,G01,203,5.899294875
2019-01-18 18:10:00+00:00,434.495759999999,23.27458,20.40367,,,,0,32.713035,56.45136,1130.763,62.7269199999999,61.909554,17.0019075,16.875,,86.3321955,10.1743929999999,1,G01,,5.93794965
